ID_Schronu,Nazwa,Nazwa,Pojemnosc_Max,Szerokosc_Geo,Dlugosc_Geo
OZO-6D94271C9708,Miejsce ochronne,"53, Piotrowice Nyskie",212,50.412254848596,17.1544466939522
OZO-65149A51575F,Miejsce ochronne,"ul. Leszczyńska 4, Długie Stare",130,51.8244289941268,16.4431772643901
OZO-6730709EDC2F,Miejsce ochronne,"ul. Okrzei 49c, Żary",184,51.62829037,15.12930728
OZO-57192FA21A0C,Miejsce ochronne,"ul. Norwida Cypriana 10, Lubsko",86,51.7820884,14.98035
OZO-2BAB420F2C64,Miejsce ochronne,"ul.Ibn Siny Awicenny 30, Wrocław",150,51.0835104498097,16.9554032023071
OZO-B819E3A3FD3D,Miejsce ochronne,"ul. Tadeusza Kościuszki 9, Nysa",167,50.47912108141113,17.322451472282413
OZO-141316DE8895,Miejsce ochronne,"ul. Wojska Polskiego 1, Przewóz",150,51.47830214,14.95069858
OZO-796553747AFB,Miejsce ochronne,"ul. Graniczna 2ab, Wrocław",115,51.106701712516,16.9436740030246
OZO-21B9FA796032,Miejsce ochronne,"ul. Opolska 49, Wrocław",87,51.0782334091696,17.0817749663267
OZO-DDEEFCD0CA25,Miejsce ochronne,"ul. Zamenhofa 1, Nowa Sól",146,51.79926713273975,15.714817196130754
OZO-0874D4358602,Miejsce ochronne,"ul. Wałowa 7, Nysa",113,50.474959600808745,17.336892485618595
OZO-5EB82D642388,Miejsce ochronne,"ul. Paderewskiego Ignacego 8, Żary",241,51.6420866,15.1234358
OZO-3AA2835D7CF6,Miejsce ochronne,"ul. Adama Asnyka 1, Lubomierz",210,51.01234222465236,15.510781556367876
OZO-56E42767B2CE,Miejsce ochronne,"3NM, Witoszyce",183,51.74302279078999,16.52177453041077
OZO-F9F3499FD0B7,Miejsce ochronne,"ul. Semaforowa 21, Wrocław",194,51.06019419,17.07774848
OZO-5B9A780017BF,Miejsce ochronne,"ul. Letnia 24, Kłodzko",264,50.43270957799082,16.637831032276157
OZO-C39D22846622,Miejsce ochronne,"ul. Jacka Malczewskiego 12, Jelenia Góra",201,50.8915782138439,15.7310327772375
OZO-8B1CB7337FAC,Miejsce ochronne,"ul. Dworcowa 4, Malczyce",196,51.21661313,16.49021761
OZO-E71387414CDB,Miejsce ochronne,"27, Bronów",239,51.64807348862028,16.659017801284794
OZO-1E13BBF37B04,Miejsce ochronne,"ul. Bema Generała Józefa 26, Zielona Góra",93,51.94725575822677,15.52043750882149
