ID_Schronu,Nazwa,Nazwa.1,Pojemnosc_Max_x,Szerokosc_Geo,Dlugosc_Geo,Timestamp,Wykryte_Osoby,Pojemnosc_Max_y,Zarejestrowane_Zapl,Status
OZO-6D94271C9708,Miejsce ochronne,"53, Piotrowice Nyskie",212,50.412254848596,17.1544466939522,2026-09-29T16:59:56.300092,249,212,117.5%,CZERWONY
OZO-65149A51575F,Miejsce ochronne,"ul. Leszczyńska 4, Długie Stare",130,51.8244289941268,16.4431772643901,2026-09-29T16:59:56.301514,8,130,6.2%,ZIELONY
OZO-6730709EDC2F,Miejsce ochronne,"ul. Okrzei 49c, Żary",184,51.62829037,15.12930728,2026-09-29T16:59:56.302694,1,184,0.5%,ZIELONY
OZO-57192FA21A0C,Miejsce ochronne,"ul. Norwida Cypriana 10, Lubsko",86,51.7820884,14.98035,2026-09-29T16:59:56.303682,4,86,4.7%,ZIELONY
OZO-2BAB420F2C64,Miejsce ochronne,"ul.Ibn Siny Awicenny 30, Wrocław",150,51.0835104498097,16.9554032023071,2026-09-29T16:59:56.304522,0,150,0.0%,ZIELONY
OZO-B819E3A3FD3D,Miejsce ochronne,"ul. Tadeusza Kościuszki 9, Nysa",167,50.47912108141113,17.322451472282413,2026-09-29T16:59:56.305265,10,167,6.0%,ZIELONY
OZO-141316DE8895,Miejsce ochronne,"ul. Wojska Polskiego 1, Przewóz",150,51.47830214,14.95069858,2026-09-29T16:59:56.306054,4,150,2.7%,ZIELONY
OZO-796553747AFB,Miejsce ochronne,"ul. Graniczna 2ab, Wrocław",115,51.106701712516,16.9436740030246,2026-09-29T16:59:56.306670,13,115,11.3%,ZIELONY
OZO-21B9FA796032,Miejsce ochronne,"ul. Opolska 49, Wrocław",87,51.0782334091696,17.0817749663267,2026-09-29T16:59:56.307320,2,87,2.3%,ZIELONY
OZO-DDEEFCD0CA25,Miejsce ochronne,"ul. Zamenhofa 1, Nowa Sól",146,51.79926713273975,15.714817196130754,2026-09-29T16:59:56.307756,15,146,10.3%,ZIELONY
OZO-0874D4358602,Miejsce ochronne,"ul. Wałowa 7, Nysa",113,50.474959600808745,17.336892485618595,2026-09-29T16:59:56.308147,11,113,9.7%,ZIELONY
OZO-5EB82D642388,Miejsce ochronne,"ul. Paderewskiego Ignacego 8, Żary",241,51.6420866,15.1234358,2026-09-29T16:59:56.308940,15,241,6.2%,ZIELONY
OZO-3AA2835D7CF6,Miejsce ochronne,"ul. Adama Asnyka 1, Lubomierz",210,51.01234222465236,15.510781556367876,2026-09-29T16:59:56.309722,9,210,4.3%,ZIELONY
OZO-56E42767B2CE,Miejsce ochronne,"3NM, Witoszyce",183,51.74302279078999,16.52177453041077,2026-09-29T16:59:56.310819,3,183,1.6%,ZIELONY
OZO-F9F3499FD0B7,Miejsce ochronne,"ul. Semaforowa 21, Wrocław",194,51.06019419,17.07774848,2026-09-29T16:59:56.311471,4,194,2.1%,ZIELONY
OZO-5B9A780017BF,Miejsce ochronne,"ul. Letnia 24, Kłodzko",264,50.43270957799082,16.637831032276157,2026-09-29T16:59:56.312192,11,264,4.2%,ZIELONY
OZO-C39D22846622,Miejsce ochronne,"ul. Jacka Malczewskiego 12, Jelenia Góra",201,50.8915782138439,15.7310327772375,2026-09-29T16:59:56.312708,4,201,2.0%,ZIELONY
OZO-8B1CB7337FAC,Miejsce ochronne,"ul. Dworcowa 4, Malczyce",196,51.21661313,16.49021761,2026-09-29T16:59:56.313208,12,196,6.1%,ZIELONY
OZO-E71387414CDB,Miejsce ochronne,"27, Bronów",239,51.64807348862028,16.659017801284794,2026-09-29T16:59:56.313728,10,239,4.2%,ZIELONY
OZO-1E13BBF37B04,Miejsce ochronne,"ul. Bema Generała Józefa 26, Zielona Góra",93,51.94725575822677,15.52043750882149,2026-09-29T16:59:56.314212,15,93,16.1%,ZIELONY
